keyword,score,origin,search_volume,volume_estimated,keyword_difficulty,cpc,search_intent,geo_relevance,quick_win,gsc_position,gsc_impressions,gsc_clicks,ai_overview,people_also_ask,already_covered,content_type
skill claude seo,73.7,gsc,126,True,,,,0.9,True,8.04,126,3,False,False,False,Définition / Pilier
dataforseo mcp,73.1,gsc,183,True,,,,0.8,True,5.61,183,3,False,False,False,Définition / Pilier
claude seo skill,72.5,gsc,153,True,,,,0.8,True,9.2,153,0,False,False,False,Définition / Pilier
skill seo claude,71.6,gsc,115,True,,,,0.8,True,8.01,115,2,False,False,False,Définition / Pilier
seo claude skill,70.2,gsc,42,True,,,,0.9,True,8.1,42,2,False,False,False,Définition / Pilier
audit geo local,70.1,gsc,72,True,,,,0.8,True,7.83,72,0,False,False,False,Page service / Landing
claude skill seo,70.0,gsc,71,True,,,,0.8,True,7.52,71,1,False,False,False,Définition / Pilier
audit geo wordpress,69.5,gsc,60,True,,,,0.8,True,14.93,60,0,False,False,False,Page service / Landing
seo skill claude,67.4,gsc,31,True,,,,0.8,True,9.23,31,0,False,False,False,Définition / Pilier
"decupler vs autres agences seo ia, comparaison",67.3,gsc,30,True,,,,0.8,True,4.1,30,0,False,False,False,Comparatif / Commercial
claude seo github,66.8,gsc,26,True,,,,0.8,True,7.19,26,3,False,False,False,Définition / Pilier
claude skill seo geo,66.7,gsc,14,True,,,,0.9,True,5.86,14,0,False,False,False,Définition / Pilier
is it evaluate the ai optimization company archipel on fr - agence geo v2,66.3,gsc,22,True,,,,0.8,True,8.77,22,0,False,False,False,Page service / Landing
agence geo sophia-antipolis,66.2,gsc,21,True,,,,0.8,True,15.81,21,0,False,False,False,Page service / Landing
evaluate the ai optimization company archipel on fr - agence geo v2,65.9,gsc,19,True,,,,0.8,True,9.0,19,0,False,False,False,Page service / Landing
agence geo rodez,65.5,gsc,17,True,,,,0.8,True,17.76,17,0,False,False,False,Page service / Landing
claude skill seo audit,65.3,gsc,16,True,,,,0.8,True,6.81,16,1,False,False,False,Page service / Landing
github claude seo,65.3,gsc,16,True,,,,0.8,True,7.25,16,1,False,False,False,Définition / Pilier
quick wins seo geo,65.3,gsc,16,True,,,,0.8,True,9.94,16,0,False,False,False,Définition / Pilier
dataforseo claude,65.1,gsc,8,True,,,,0.9,True,7.88,8,1,False,False,False,Définition / Pilier
evaluate the ai optimization company archipel on fr - audit geo,65.1,gsc,15,True,,,,0.8,True,8.4,15,0,False,False,False,Page service / Landing
seo skill claude code,64.9,gsc,14,True,,,,0.8,True,9.0,14,0,False,False,False,Définition / Pilier
agence seo geo et netlinking juan les pins,64.7,gsc,13,True,,,,0.8,True,16.62,13,0,False,False,False,Page service / Landing
agence seo geo et netlinking cagnes sur mer,64.5,gsc,12,True,,,,0.8,True,19.92,12,0,False,False,False,Page service / Landing
je veux faire un audit geo pour apparaître dans chatgpt,64.5,gsc,12,True,,,,0.8,True,9.83,12,0,False,False,False,Page service / Landing
seo geo claude code skill,64.5,gsc,12,True,,,,0.8,True,7.0,12,0,False,False,False,Définition / Pilier
is it audit geo pour être cité par chatgpt,64.2,gsc,6,True,,,,0.9,True,10.67,6,0,False,False,False,Page service / Landing
is it je cherche une agence aio pour optimiser mon contenu pour les moteurs ia,64.2,gsc,6,True,,,,0.9,True,8.83,6,0,False,False,False,Page service / Landing
seo audit claude skill,63.9,gsc,10,True,,,,0.8,True,6.6,10,1,False,False,False,Page service / Landing
agence seo geo et netlinking provence alpes côte d azur,63.9,gsc,10,True,,,,0.8,True,5.3,10,0,False,False,False,Page service / Landing
dataforseo mcp claude,63.9,gsc,10,True,,,,0.8,True,6.6,10,0,False,False,False,Définition / Pilier
audit geo,63.7,gsc,412,True,,,,0.8,True,13.12,412,2,False,False,True,Page service / Landing
claude seo geo skill,63.7,gsc,5,True,,,,0.9,True,7.4,5,0,False,False,False,Définition / Pilier
seo geo claude skill,63.7,gsc,5,True,,,,0.9,True,7.4,5,0,False,False,False,Définition / Pilier
geo seo claude skill,63.3,gsc,2,True,,,,1.0,True,7.0,2,0,False,False,False,Définition / Pilier
seo geo claude skills,63.1,gsc,4,True,,,,0.9,True,5.75,4,0,False,False,False,Définition / Pilier
seo geo skill claude,63.1,gsc,4,True,,,,0.9,True,7.0,4,0,False,False,False,Définition / Pilier
skill claude code seo,63.1,gsc,4,True,,,,0.9,True,9.25,4,0,False,False,False,Définition / Pilier
audit visibilité ia,62.9,gsc,7,True,,,,0.8,True,19.43,7,0,False,False,False,Page service / Landing
searchfit seo claude,62.9,gsc,7,True,,,,0.8,True,8.0,7,0,False,False,False,Définition / Pilier
agence geo aveyron,62.4,gsc,6,True,,,,0.8,True,16.33,6,0,False,False,False,Page service / Landing
claude seo skill github,62.4,gsc,6,True,,,,0.8,True,8.0,6,0,False,False,False,Définition / Pilier
claude skill geo,62.4,gsc,6,True,,,,0.8,True,6.17,6,0,False,False,False,Définition / Pilier
geo skill claude,62.4,gsc,6,True,,,,0.8,True,7.33,6,0,False,False,False,Définition / Pilier
llms.txt,62.4,gsc,6,True,,,,0.8,True,12.83,6,0,False,False,False,Définition / Pilier
seo audit skill claude,62.4,gsc,6,True,,,,0.8,True,6.67,6,0,False,False,False,Page service / Landing
dataforseo mcp server,61.9,gsc,5,True,,,,0.8,True,7.6,5,0,False,False,False,Définition / Pilier
google geo seo,61.9,gsc,5,True,,,,0.8,True,8.6,5,0,False,False,False,Définition / Pilier
seo geo skill,61.9,gsc,5,True,,,,0.8,True,6.2,5,0,False,False,False,Définition / Pilier
dataforseo claude code,61.5,gsc,2,True,,,,0.9,True,7.5,2,0,False,False,False,Définition / Pilier
dataforseo claude mcp,61.5,gsc,2,True,,,,0.9,True,6.5,2,0,False,False,False,Définition / Pilier
geo seo claude github,61.5,gsc,2,True,,,,0.9,True,5.0,2,0,False,False,False,Définition / Pilier
plateformes outils identifier lacunes contenu visibilité ia seo ai search optimization content gaps,61.5,gsc,2,True,,,,0.9,True,17.5,2,0,False,False,False,Définition / Pilier
accompagnement geo,61.3,gsc,4,True,,,,0.8,True,13.0,4,0,False,False,False,Définition / Pilier
agence seo geo et netlinking gap,61.3,gsc,4,True,,,,0.8,True,10.25,4,0,False,False,False,Page service / Landing
best seo skill claude,61.3,gsc,4,True,,,,0.8,True,13.5,4,0,False,False,False,Définition / Pilier
claude code seo skill github,61.3,gsc,4,True,,,,0.8,True,8.0,4,0,False,False,False,Définition / Pilier
claude seo audit skill,61.3,gsc,4,True,,,,0.8,True,7.75,4,0,False,False,False,Page service / Landing
claude seo skills github,61.3,gsc,4,True,,,,0.8,True,7.25,4,0,False,False,False,Définition / Pilier
claude skills gratuit,61.3,gsc,4,True,,,,0.8,True,12.5,4,0,False,False,False,Définition / Pilier
github seo claude,61.3,gsc,4,True,,,,0.8,True,6.5,4,0,False,False,False,Définition / Pilier
optimisation geo rodez,61.3,gsc,4,True,,,,0.8,True,13.0,4,0,False,False,False,Définition / Pilier
seo claude github,61.3,gsc,4,True,,,,0.8,True,7.0,4,0,False,False,False,Définition / Pilier
claude dataforseo,60.6,gsc,3,True,,,,0.8,True,7.33,3,0,False,False,False,Définition / Pilier
claude seo agricidaniel,60.6,gsc,3,True,,,,0.8,True,8.0,3,0,False,False,False,Définition / Pilier
claude seo auto fix,60.6,gsc,3,True,,,,0.8,True,5.33,3,0,False,False,False,Définition / Pilier
claude skills seo github,60.6,gsc,3,True,,,,0.8,True,8.0,3,0,False,False,False,Définition / Pilier
dataforseo mcp claude code,60.6,gsc,3,True,,,,0.8,True,8.0,3,0,False,False,False,Définition / Pilier
dataforseo skill,60.6,gsc,3,True,,,,0.8,True,7.33,3,0,False,False,False,Définition / Pilier
geo claude skill,60.6,gsc,3,True,,,,0.8,True,7.67,3,0,False,False,False,Définition / Pilier
geo seo skill,60.6,gsc,3,True,,,,0.8,True,7.0,3,0,False,False,False,Définition / Pilier
is it audit geo avec plan d’action 30 60 90 jours,60.6,gsc,3,True,,,,0.8,True,6.33,3,0,False,False,False,Page service / Landing
plateforme de croissance organique par ia,60.6,gsc,8,True,,,,0.65,True,9.12,8,0,False,False,False,Définition / Pilier
qui peut faire un audit geo sérieux,60.6,gsc,3,True,,,,0.8,True,10.0,3,0,False,False,False,Page service / Landing
seo expert claude skill,60.6,gsc,3,True,,,,0.8,True,6.67,3,0,False,False,False,Définition / Pilier
seo-geo-claude-skills,60.6,gsc,8,True,,,,0.65,True,6.38,8,0,False,False,False,Définition / Pilier
aeo claude skill,60.2,gsc,1,True,,,,0.9,True,8.0,1,0,False,False,False,Définition / Pilier
ai seo claude skill,60.2,gsc,1,True,,,,0.9,True,5.0,1,0,False,False,False,Définition / Pilier
geo seo claude,60.2,gsc,1,True,,,,0.9,True,10.0,1,0,False,False,False,Définition / Pilier
je cherche une agence aio pour optimiser mon contenu pour les moteurs ia,60.2,gsc,1,True,,,,0.9,True,11.0,1,0,False,False,False,Page service / Landing
claude seo,60.0,gsc,129,True,,,,0.8,True,8.02,129,2,False,False,True,Définition / Pilier
agence seo chatgpt,59.7,gsc,2,True,,,,0.8,True,19.0,2,0,False,False,False,Page service / Landing
agence seo geo et netlinking saint laurent du var,59.7,gsc,2,True,,,,0.8,True,18.5,2,0,False,False,False,Page service / Landing
agencia seo ai,59.7,gsc,2,True,,,,0.8,True,5.0,2,0,False,False,False,Définition / Pilier
agent seo ia,59.7,gsc,2,True,,,,0.8,True,16.0,2,0,False,False,False,Définition / Pilier
claude seo skil,59.7,gsc,2,True,,,,0.8,True,7.5,2,0,False,False,False,Définition / Pilier
claude seo tool,59.7,gsc,2,True,,,,0.8,True,7.5,2,0,False,False,False,Définition / Pilier
co fondateurs generative engine optimization,59.7,gsc,2,True,,,,0.8,True,10.0,2,0,False,False,False,Définition / Pilier
dataforseo mcp server claude,59.7,gsc,2,True,,,,0.8,True,7.0,2,0,False,False,False,Définition / Pilier
git hub claude seo,59.7,gsc,2,True,,,,0.8,True,6.5,2,0,False,False,False,Définition / Pilier
intégration outil geo workflow agence seo,59.7,gsc,6,True,,,,0.65,True,6.67,6,0,False,False,False,Page service / Landing
is it evaluate the ai optimization company archipel on fr - agence geo,59.7,gsc,2,True,,,,0.8,True,10.5,2,0,False,False,False,Page service / Landing
is it evaluate the ai optimization company archipel on fr - audit geo,59.7,gsc,2,True,,,,0.8,True,9.0,2,0,False,False,False,Page service / Landing
llms.txt seo,59.7,gsc,2,True,,,,0.8,True,6.0,2,0,False,False,False,Définition / Pilier
optimisation geo aveyron,59.7,gsc,2,True,,,,0.8,True,20.0,2,0,False,False,False,Définition / Pilier
seo claude code github,59.7,gsc,2,True,,,,0.8,True,6.0,2,0,False,False,False,Définition / Pilier
seo optimizer claude skill,59.7,gsc,2,True,,,,0.8,True,7.0,2,0,False,False,False,Définition / Pilier
skills seo claude code,59.7,gsc,2,True,,,,0.8,True,8.5,2,0,False,False,False,Définition / Pilier
geo auditor,59.2,gsc,5,True,,,,0.65,True,7.0,5,1,False,False,False,Page service / Landing
claude-seo github,59.2,gsc,5,True,,,,0.65,True,6.8,5,0,False,False,False,Définition / Pilier
github claude-seo,59.2,gsc,5,True,,,,0.65,True,6.4,5,0,False,False,False,Définition / Pilier
claude skills seo,58.7,gsc,87,True,,,,0.8,True,12.38,87,1,False,False,True,Définition / Pilier
claude-seo skill,58.6,gsc,4,True,,,,0.65,True,8.75,4,0,False,False,False,Définition / Pilier
geo skills claude,58.6,gsc,4,True,,,,0.65,True,8.5,4,0,False,False,False,Définition / Pilier
seo claude,58.5,gsc,82,True,,,,0.8,True,12.39,82,0,False,False,True,Définition / Pilier
agence geo bruxelles,58.4,gsc,1,True,,,,0.8,True,8.0,1,1,False,False,False,Page service / Landing
"""geo generative engine optimization"" -site:reddit.com -site:twitter.com -site:x.com -site:wykop.pl -site:tripadvisor.com -site:youtube.com -site:yelp.com -site:booking.com -site:facebook.com -site:instagram.com -site:tiktok.com",58.4,gsc,1,True,,,,0.8,True,8.0,1,0,False,False,False,Définition / Pilier
500 claude skills,58.4,gsc,1,True,,,,0.8,True,7.0,1,0,False,False,False,Définition / Pilier
agence geo chatgpt,58.4,gsc,1,True,,,,0.8,True,17.0,1,0,False,False,False,Page service / Landing
agence geo devis,58.4,gsc,1,True,,,,0.8,True,13.0,1,0,False,False,False,Page service / Landing
audit de visibilité ia,58.4,gsc,1,True,,,,0.8,True,18.0,1,0,False,False,False,Page service / Landing
audit geo gratuit,58.4,gsc,1,True,,,,0.8,True,8.0,1,0,False,False,False,Page service / Landing
audit seo geo,58.4,gsc,1,True,,,,0.8,True,7.0,1,0,False,False,False,Page service / Landing
claude code seo github,58.4,gsc,1,True,,,,0.8,True,7.0,1,0,False,False,False,Définition / Pilier
claude code seo skill,58.4,gsc,1,True,,,,0.8,True,9.0,1,0,False,False,False,Définition / Pilier
claude seo blog skill,58.4,gsc,1,True,,,,0.8,True,8.0,1,0,False,False,False,Définition / Pilier
claude skills seo audit,58.4,gsc,1,True,,,,0.8,True,5.0,1,0,False,False,False,Page service / Landing
dataforseo,58.4,gsc,1,True,,,,0.8,True,5.0,1,0,False,False,False,Définition / Pilier
dataforseo extension,58.4,gsc,1,True,,,,0.8,True,5.0,1,0,False,False,False,Définition / Pilier
dataforseo skills,58.4,gsc,1,True,,,,0.8,True,6.0,1,0,False,False,False,Définition / Pilier
dataforseo-mcp-server,58.4,gsc,1,True,,,,0.8,True,6.0,1,0,False,False,False,Définition / Pilier
dataforseo.com mcp,58.4,gsc,1,True,,,,0.8,True,6.0,1,0,False,False,False,Définition / Pilier
"decupler vs autres agences seo ia, lequel choisir",58.4,gsc,1,True,,,,0.8,True,1.0,1,0,False,False,False,Comparatif / Commercial
devis audit geo,58.4,gsc,1,True,,,,0.8,True,12.0,1,0,False,False,False,Page service / Landing
evaluate the ai optimization company archipel on fr - formation geo,58.4,gsc,1,True,,,,0.8,True,10.0,1,0,False,False,False,Définition / Pilier
expert seo geo,58.4,gsc,1,True,,,,0.8,True,14.0,1,0,False,False,False,Définition / Pilier
fichier llms.txt,58.4,gsc,1,True,,,,0.8,True,18.0,1,0,False,False,False,Définition / Pilier
geo claude skills,58.4,gsc,1,True,,,,0.8,True,9.0,1,0,False,False,False,Définition / Pilier
geo seo audit,58.4,gsc,1,True,,,,0.8,True,10.0,1,0,False,False,False,Page service / Landing
geo seo google,58.4,gsc,1,True,,,,0.8,True,10.0,1,0,False,False,False,Définition / Pilier
geo seo skills,58.4,gsc,1,True,,,,0.8,True,10.0,1,0,False,False,False,Définition / Pilier
git claude seo,58.4,gsc,1,True,,,,0.8,True,9.0,1,0,False,False,False,Définition / Pilier
github agricidaniel claude seo,58.4,gsc,1,True,,,,0.8,True,5.0,1,0,False,False,False,Définition / Pilier
github claude seo skill,58.4,gsc,1,True,,,,0.8,True,5.0,1,0,False,False,False,Définition / Pilier
github seo skill claude,58.4,gsc,1,True,,,,0.8,True,10.0,1,0,False,False,False,Définition / Pilier
mcp server dataforseo,58.4,gsc,1,True,,,,0.8,True,6.0,1,0,False,False,False,Définition / Pilier
où faire un audit geo avec quotative,58.4,gsc,1,True,,,,0.8,True,5.0,1,0,False,False,False,Page service / Landing
seo claude code skills,58.4,gsc,1,True,,,,0.8,True,8.0,1,0,False,False,False,Définition / Pilier
seo writing skill claude,58.4,gsc,1,True,,,,0.8,True,9.0,1,0,False,False,False,Définition / Pilier
skills claude code seo,58.4,gsc,1,True,,,,0.8,True,7.0,1,0,False,False,False,Définition / Pilier
claude seo skills,58.2,gsc,76,True,,,,0.8,True,16.0,76,1,False,False,True,Définition / Pilier
audit geo ia,58.0,gsc,70,True,,,,0.8,True,19.0,70,0,False,False,True,Page service / Landing
se ranking claude,57.9,gsc,3,True,,,,0.65,True,7.33,3,1,False,False,False,Définition / Pilier
claude ai seo skill,57.9,gsc,3,True,,,,0.65,True,19.33,3,0,False,False,False,Définition / Pilier
existe t'il des agences geo ?,57.9,gsc,3,True,,,,0.65,True,6.33,3,0,False,False,False,Page service / Landing
llmo / geo / ia seo / gso / saio / search everywhere optimization,57.9,gsc,22,True,,,,1.0,False,23.14,22,0,False,False,False,Définition / Pilier
skill optimizer claude,57.9,gsc,3,True,,,,0.65,True,8.33,3,0,False,False,False,Définition / Pilier
agence generative engine optimization,57.7,gsc,64,True,,,,0.8,False,41.14,64,0,False,False,False,Page service / Landing
agence geo,57.3,gsc,2271,True,,,,0.8,False,43.59,2271,0,False,False,True,Page service / Landing
mcp dataforseo,57.2,gsc,54,True,,,,0.8,False,4.44,54,2,False,False,False,Définition / Pilier
best seo skills claude code,57.0,gsc,2,True,,,,0.65,True,17.5,2,0,False,False,False,Définition / Pilier
claude code skill seo,57.0,gsc,2,True,,,,0.65,True,8.5,2,0,False,False,False,Définition / Pilier
claude geo skills,57.0,gsc,2,True,,,,0.65,True,8.0,2,0,False,False,False,Définition / Pilier
comment utiliser ahrefs mcp chatgpt claude copilot pour le seo,57.0,gsc,119,True,,,,0.65,False,20.85,119,0,False,False,False,Guide / How-to
expert seo et geo,57.0,gsc,2,True,,,,0.65,True,15.0,2,0,False,False,False,Définition / Pilier
geo audits,57.0,gsc,2,True,,,,0.65,True,19.0,2,0,False,False,False,Page service / Landing
https://github.com/agricidaniel/claude-seo,57.0,gsc,2,True,,,,0.65,True,6.5,2,0,False,False,False,Définition / Pilier
solutions ia générative stratégie de marque 2025,57.0,gsc,2,True,,,,0.65,True,18.5,2,0,False,False,False,Définition / Pilier
agence geo caen,56.6,gsc,46,True,,,,0.8,False,56.09,46,0,False,False,False,Page service / Landing
claude local seo,55.7,gsc,1,True,,,,0.65,True,5.0,1,1,False,False,False,Définition / Pilier
"(""agence communication"" or ""agence publicité"" or ""agence digitale"") and (""intelligence artificielle"" or ""ia"" or ""ai"") and (france or europe)",55.7,gsc,1,True,,,,0.65,True,18.0,1,0,False,False,False,Page service / Landing
agence referencement chatgpt,55.7,gsc,1,True,,,,0.65,True,6.0,1,0,False,False,False,Page service / Landing
agence spécialisée geo,55.7,gsc,1,True,,,,0.65,True,7.0,1,0,False,False,False,Page service / Landing
agence visibilité chatgpt,55.7,gsc,1,True,,,,0.65,True,14.0,1,0,False,False,False,Page service / Landing
best seo skill for claude,55.7,gsc,1,True,,,,0.65,True,11.0,1,0,False,False,False,Définition / Pilier
best seo skills claude,55.7,gsc,1,True,,,,0.65,True,8.0,1,0,False,False,False,Définition / Pilier
cherche agence seo pour ranker sur google et ia,55.7,gsc,1,True,,,,0.65,True,9.0,1,0,False,False,False,Page service / Landing
claude code skills seo,55.7,gsc,1,True,,,,0.65,True,5.0,1,0,False,False,False,Définition / Pilier
claudeseo github,55.7,gsc,1,True,,,,0.65,True,7.0,1,0,False,False,False,Définition / Pilier
geo audit skill,55.7,gsc,1,True,,,,0.65,True,9.0,1,0,False,False,False,Page service / Landing
geo content audit,55.7,gsc,1,True,,,,0.65,True,10.0,1,0,False,False,False,Page service / Landing
geo skill,55.7,gsc,1,True,,,,0.65,True,7.0,1,0,False,False,False,Définition / Pilier
geo-seo-claude,55.7,gsc,1,True,,,,0.65,True,9.0,1,0,False,False,False,Définition / Pilier
git clone --depth 1 https://github.com/agricidaniel/claude-seo.git && bash claude-seo/install.sh,55.7,gsc,1,True,,,,0.65,True,9.0,1,0,False,False,False,Définition / Pilier
se ranking geo,55.7,gsc,1,True,,,,0.65,True,9.0,1,0,False,False,False,Définition / Pilier
seo machine claude,55.7,gsc,1,True,,,,0.65,True,8.0,1,0,False,False,False,Définition / Pilier
seo mcp claude,55.7,gsc,1,True,,,,0.65,True,10.0,1,0,False,False,False,Définition / Pilier
seo prompt claude,55.7,gsc,1,True,,,,0.65,True,10.0,1,0,False,False,False,Définition / Pilier
seo skill for claude,55.7,gsc,1,True,,,,0.65,True,10.0,1,0,False,False,False,Définition / Pilier
seo skills claude code,55.7,gsc,1,True,,,,0.65,True,10.0,1,0,False,False,False,Définition / Pilier
seo skills claude github,55.7,gsc,1,True,,,,0.65,True,6.0,1,0,False,False,False,Définition / Pilier
top 10 skills claude,55.7,gsc,1,True,,,,0.65,True,10.0,1,0,False,False,False,Définition / Pilier
agence seo geo et netlinking nice,54.6,gsc,24,True,,,,0.8,False,20.04,24,0,False,False,False,Page service / Landing
agent ia seo,54.6,gsc,24,True,,,,0.8,False,29.96,24,0,False,False,False,Définition / Pilier
agence geo montreal,54.5,gsc,23,True,,,,0.8,False,63.26,23,0,False,False,False,Page service / Landing
référencement geo,53.9,gsc,46,True,,,,0.65,False,31.28,46,0,False,False,False,Définition / Pilier
audit visibilité chatgpt,53.0,gsc,34,True,,,,0.65,False,21.0,34,0,False,False,False,Page service / Landing
geo audit,52.8,gsc,32,True,,,,0.65,True,13.12,32,0,False,False,True,Page service / Landing
seo claude skills,52.7,gsc,7,True,,,,0.9,True,10.14,7,0,False,False,True,Définition / Pilier
agences seo avec automatisation et agents ia supervisés,52.6,gsc,30,True,,,,0.65,False,4.83,30,0,False,False,False,Page service / Landing
agence generative engine optimization cholet,52.5,gsc,12,True,,,,0.8,False,21.92,12,0,False,False,False,Page service / Landing
agence geo lozere,52.5,gsc,12,True,,,,0.8,False,22.33,12,0,False,False,False,Page service / Landing
référencement geo;,52.4,gsc,28,True,,,,0.65,False,26.36,28,0,False,False,False,Définition / Pilier
referencement geo;,52.3,gsc,27,True,,,,0.65,False,26.44,27,0,False,False,False,Définition / Pilier
dataforseo chatgpt,52.2,gsc,6,True,,,,0.9,False,4.17,6,0,False,False,False,Définition / Pilier
agence geo lunel,51.6,gsc,9,True,,,,0.8,False,24.0,9,0,False,False,False,Page service / Landing
agence geo nice,51.3,gsc,8,True,,,,0.8,False,32.62,8,0,False,False,False,Page service / Landing
agence seo geo et netlinking antibes,50.9,gsc,7,True,,,,0.8,False,20.57,7,0,False,False,False,Page service / Landing
audit geo bretagne,50.9,gsc,7,True,,,,0.8,False,21.86,7,0,False,False,False,Page service / Landing
claude-seo,50.6,gsc,16,True,,,,0.65,True,7.69,16,1,False,False,True,Définition / Pilier
referencement geo,50.6,gsc,16,True,,,,0.65,False,30.31,16,0,False,False,False,Définition / Pilier
agence optimisation geo,50.4,gsc,6,True,,,,0.8,False,50.83,6,0,False,False,False,Page service / Landing
claude seo md,50.4,gsc,6,True,,,,0.8,True,5.33,6,0,False,False,True,Définition / Pilier
referencement llm,50.0,gsc,13,True,,,,0.65,False,57.62,13,0,False,False,False,Définition / Pilier
agence geo hérault,49.9,gsc,5,True,,,,0.8,False,21.2,5,0,False,False,False,Page service / Landing
agence geo tarn,49.9,gsc,5,True,,,,0.8,False,30.8,5,0,False,False,False,Page service / Landing
agence geo valbonne,49.9,gsc,5,True,,,,0.8,False,21.4,5,0,False,False,False,Page service / Landing
agence seo geo et netlinking massy,49.9,gsc,5,True,,,,0.8,False,25.4,5,0,False,False,False,Page service / Landing
optimisation geo lunel,49.9,gsc,5,True,,,,0.8,False,35.8,5,0,False,False,False,Définition / Pilier
claude responded seo consultantseo consultant,49.5,gsc,11,True,,,,0.65,False,84.0,11,0,False,False,False,Page service / Landing
skills claude seo,49.3,gsc,4,True,,,,0.8,True,24.5,4,0,False,False,True,Définition / Pilier
agence seo geo et netlinking châtenay malabry,49.3,gsc,4,True,,,,0.8,False,28.0,4,0,False,False,False,Page service / Landing
astuces seo ia,49.3,gsc,4,True,,,,0.8,False,51.0,4,0,False,False,False,Définition / Pilier
llm seo stratégie,49.3,gsc,4,True,,,,0.8,False,48.5,4,0,False,False,False,Définition / Pilier
search everywhere,49.3,gsc,4,True,,,,0.8,True,10.5,4,0,False,False,True,Définition / Pilier
agence chatgpt,48.9,gsc,9,True,,,,0.65,False,73.89,9,0,False,False,False,Page service / Landing
agence de référencement geo,48.9,gsc,9,True,,,,0.65,False,21.56,9,0,False,False,False,Page service / Landing
agence ia et automatisation informational,48.9,gsc,9,True,,,,0.65,False,38.56,9,0,False,False,False,Page service / Landing
référencement moteurs ia,48.9,gsc,9,True,,,,0.65,False,24.67,9,0,False,False,False,Définition / Pilier
agence geo et gso,48.6,gsc,3,True,,,,0.8,False,35.67,3,0,False,False,False,Page service / Landing
agence geo seo,48.2,gsc,1,True,,,,0.9,False,50.0,1,0,False,False,False,Page service / Landing
référencement llm,48.2,gsc,7,True,,,,0.65,False,72.14,7,0,False,False,False,Définition / Pilier
skills seo claude,47.7,gsc,2,True,,,,0.8,True,23.5,2,0,False,False,True,Définition / Pilier
agence geo montréal,47.7,gsc,2,True,,,,0.8,False,24.5,2,0,False,False,False,Page service / Landing
agence geo suisse,47.7,gsc,2,True,,,,0.8,False,40.5,2,0,False,False,False,Page service / Landing
agence seo geo,47.7,gsc,2,True,,,,0.8,False,54.0,2,0,False,False,False,Page service / Landing
agence seo geo et netlinking cannes,47.7,gsc,2,True,,,,0.8,False,20.5,2,0,False,False,False,Page service / Landing
ai seo claude,47.7,gsc,2,True,,,,0.8,True,9.5,2,0,False,False,True,Définition / Pilier
claude seo v1.5.0,47.7,gsc,2,True,,,,0.8,True,8.0,2,0,False,False,True,Définition / Pilier
ia seo gratuit,47.7,gsc,2,True,,,,0.8,False,44.0,2,0,False,False,False,Définition / Pilier
référencement ia overwiew,47.7,gsc,2,True,,,,0.8,False,35.5,2,0,False,False,False,Définition / Pilier
agence digitale geo,47.2,gsc,5,True,,,,0.65,False,40.0,5,0,False,False,False,Page service / Landing
referencement claude,46.6,gsc,4,True,,,,0.65,False,41.5,4,0,False,False,False,Définition / Pilier
agence geo france,46.4,gsc,1,True,,,,0.8,False,28.0,1,0,False,False,False,Page service / Landing
agence geo saumur,46.4,gsc,1,True,,,,0.8,False,29.0,1,0,False,False,False,Page service / Landing
agence geo toulouse,46.4,gsc,1,True,,,,0.8,False,43.0,1,0,False,False,False,Page service / Landing
agence geo tours,46.4,gsc,1,True,,,,0.8,False,100.0,1,0,False,False,False,Page service / Landing
agence seo geo et netlinking compiègne,46.4,gsc,1,True,,,,0.8,False,30.0,1,0,False,False,False,Page service / Landing
claude seo repo,46.4,gsc,1,True,,,,0.8,False,4.0,1,0,False,False,False,Définition / Pilier
claude skill ranking,46.4,gsc,1,True,,,,0.8,False,27.0,1,0,False,False,False,Définition / Pilier
consultant geo,46.4,gsc,1,True,,,,0.8,True,16.0,1,0,False,False,True,Page service / Landing
formation geo,46.4,gsc,1,True,,,,0.8,False,49.0,1,0,False,False,False,Définition / Pilier
geo et aeo définitions,46.4,gsc,1,True,,,,0.8,False,49.0,1,0,False,False,False,Définition / Pilier
geo llms.txt,46.4,gsc,1,True,,,,0.8,False,3.0,1,0,False,False,False,Définition / Pilier
geo seo différence,46.4,gsc,1,True,,,,0.8,False,41.0,1,0,False,False,False,Définition / Pilier
geo seo profession libérale,46.4,gsc,1,True,,,,0.8,False,41.0,1,0,False,False,False,Définition / Pilier
optimisation geo albi,46.4,gsc,1,True,,,,0.8,False,100.0,1,0,False,False,False,Définition / Pilier
optimisation geo tarn,46.4,gsc,1,True,,,,0.8,False,92.0,1,0,False,False,False,Définition / Pilier
outil ia seo,46.4,gsc,1,True,,,,0.8,False,35.0,1,0,False,False,False,Définition / Pilier
prompt claude seo,46.4,gsc,1,True,,,,0.8,False,4.0,1,0,False,False,False,Définition / Pilier
prompt seo claude,46.4,gsc,1,True,,,,0.8,False,22.0,1,0,False,False,False,Définition / Pilier
référencement ia geo,46.4,gsc,1,True,,,,0.8,False,54.0,1,0,False,False,False,Définition / Pilier
seo geo google,46.4,gsc,1,True,,,,0.8,False,1.0,1,0,False,False,False,Définition / Pilier
seo geo skills,46.4,gsc,1,True,,,,0.8,False,4.0,1,0,False,False,False,Définition / Pilier
site spécialisé strategie geo,46.4,gsc,1,True,,,,0.8,False,63.0,1,0,False,False,False,Définition / Pilier
référencement moteur réponse ia,45.9,gsc,3,True,,,,0.65,False,31.0,3,0,False,False,False,Définition / Pilier
vérifier si marque est citée dans chatgpt,45.9,gsc,3,True,,,,0.65,False,74.0,3,0,False,False,False,Définition / Pilier
agence référencement ai geo,45.0,gsc,2,True,,,,0.65,False,42.0,2,0,False,False,False,Page service / Landing
best seo skills for claude,45.0,gsc,2,True,,,,0.65,False,48.0,2,0,False,False,False,Définition / Pilier
consultante geo,45.0,gsc,2,True,,,,0.65,False,45.5,2,0,False,False,False,Page service / Landing
google analytics mcp chatgpt,45.0,gsc,2,True,,,,0.65,False,27.5,2,0,False,False,False,Définition / Pilier
seo skills claude,43.7,gsc,1,True,,,,0.65,True,11.0,1,0,False,False,True,Définition / Pilier
ai geo audit,43.7,gsc,1,True,,,,0.65,True,10.0,1,0,False,False,True,Page service / Landing
claude api seo,43.7,gsc,1,True,,,,0.65,False,32.0,1,0,False,False,False,Définition / Pilier
exemple skills claude,43.7,gsc,1,True,,,,0.65,False,30.0,1,0,False,False,False,Définition / Pilier
optimisation ia search,43.7,gsc,1,True,,,,0.65,False,70.0,1,0,False,False,False,Définition / Pilier
qu est-ce que le référencement llm,43.7,gsc,1,True,,,,0.65,False,47.0,1,0,False,False,False,Définition / Pilier
rapport de position seoseo résultats ia,43.7,gsc,1,True,,,,0.65,False,86.0,1,0,False,False,False,Définition / Pilier
référencement sur les llms,43.7,gsc,1,True,,,,0.65,False,47.0,1,0,False,False,False,Définition / Pilier
seo agent ia,43.7,gsc,1,True,,,,0.65,False,24.0,1,0,False,False,False,Définition / Pilier
seo-geo skill,43.7,gsc,1,True,,,,0.65,False,4.0,1,0,False,False,False,Définition / Pilier
agence geo ia,41.1,gsc,15,True,,,,0.8,False,23.07,15,0,False,False,True,Page service / Landing
référencement ia,39.6,gsc,9,True,,,,0.8,False,92.89,9,0,False,False,True,Définition / Pilier
agence de geo,38.0,gsc,13,True,,,,0.65,False,95.23,13,0,False,False,True,Page service / Landing
seo ia,35.7,gsc,2,True,,,,0.8,False,46.5,2,0,False,False,True,Définition / Pilier
"""search everywhere""",34.4,gsc,1,True,,,,0.8,False,54.0,1,0,False,False,True,Définition / Pilier
seo claude code,34.4,gsc,1,True,,,,0.8,False,21.0,1,0,False,False,True,Définition / Pilier
seo geo,34.4,gsc,1,True,,,,0.8,False,77.0,1,0,False,False,True,Définition / Pilier
geo agence,33.0,gsc,2,True,,,,0.65,False,50.0,2,0,False,False,True,Page service / Landing
seo.ia,33.0,gsc,2,True,,,,0.65,False,46.0,2,0,False,False,True,Définition / Pilier
comment faire du seo pour les ia,31.7,gsc,1,True,,,,0.65,False,32.0,1,0,False,False,True,Guide / How-to
geo et seo,31.7,gsc,1,True,,,,0.65,False,43.0,1,0,False,False,True,Définition / Pilier
seo skills for claude,31.7,gsc,1,True,,,,0.65,False,50.0,1,0,False,False,True,Définition / Pilier
